count,mean,std,min,25%,50%,75%,max,variance
12919.0,5.2009686746447095,4.724798546259005,0.131166405,1.492814825,3.6265751,7.69135495,27.652985,22.323721302731204
12919.0,64.3857749671027,11.153359041012084,10.9617,57.1554,66.7298,72.6386,86.26615,124.397417897726
