count,mean,std,min,25%,50%,75%,max,variance
1793.0,0.8896246322532069,0.9934517349104205,0.14553052,0.37276325,0.600410275,1.0275392,10.8346125,0.9869463495965244
1793.0,76.75317763524819,4.015465538481882,59.81885,74.2439,76.91895,80.00525,84.6524,16.12396349073559
